original_plate,repeated_plate,Name_original,Name_repeated,Mean_original,Std_original,Mean_repeated,Std_repeated,nad,folinic_acid,DNA,coa,peg,RBS,nucleo_mix,spermidin,pga,aa,trna,mg_gluta,hepes,camp,K_gluta,promoter
plate_AL_7,plate_AL_9,B5,P8,3.2983,0.1235,2.232,0.2191,0.099,0.034,50,0.026,2,10,1.5,0.1,9,1.5,0.1,4,50,0.075,80,10
plate_AL_7,plate_AL_8,C16,P8,2.6547,0.1263,2.0579,0.2187,0.099,0.0068,50,0.026,2,10,1.5,0.1,9,1.5,0.02,4,50,0.225,80,10
plate_AL_7,plate_AL_10,C5,P8,3.0081,0.0616,2.2928,0.2056,0.033,0.0204,50,0.078,2,10,1.5,0.1,9,1.5,0.06,4,50,0.075,80,10
plate_AL_6,plate_AL_7,K20,P8,2.23,0.2116,2.2575,0.1555,0.099,0.034,50,0.026,2,10,1.5,0.1,9,0.45,0.06,4,50,0.075,80,10
plate_AL_2,plate_AL_3,K7,P8,1.2797,0.1395,1.031,0.0589,0.033,0.034,50,0.026,2,10,0.75,0.1,9,0.45,0.02,2,50,0.075,40,10
plate_AL_3,plate_AL_4,N16,P8,1.3423,0.0555,0.8954,0.2994,0.033,0.0068,50,0.026,2,10,0.75,0.3,15,0.45,0.02,2,50,0.075,40,10
plate_AL_3,plate_AL_5,O9,P8,1.4587,0.0301,1.1603,0.1415,0.033,0.0204,50,0.026,2,10,0.75,0.3,15,0.45,0.02,2,50,0.075,40,10
plate_AL_3,plate_AL_6,O9,P8,1.4587,0.0301,0.8954,0.3028,0.033,0.0204,50,0.026,2,10,0.75,0.3,15,0.45,0.02,2,50,0.075,40,10
plate_AL_4,plate_AL_5,P6,P8,0.8899,0.3484,1.1603,0.1415,0.033,0.0204,50,0.026,2,10,0.75,0.3,15,0.45,0.02,2,50,0.075,40,10
plate_AL_4,plate_AL_6,P6,P8,0.8899,0.3484,0.8954,0.3028,0.033,0.0204,50,0.026,2,10,0.75,0.3,15,0.45,0.02,2,50,0.075,40,10
plate_AL_8,plate_AL_9,P6,P8,2.353,0.0913,2.232,0.2191,0.099,0.034,50,0.026,2,10,1.5,0.1,9,1.5,0.1,4,50,0.075,80,10
plate_AL_5,plate_AL_6,P8,P8,1.1603,0.1415,0.8954,0.3028,0.033,0.0204,50,0.026,2,10,0.75,0.3,15,0.45,0.02,2,50,0.075,40,10
plate_AL_7,plate_AL_9,B2,P7,3.3227,0.0324,2.5839,0.1924,0.165,0.068,50,0.026,2,10,1.5,0.1,9,1.5,0.06,4,50,0.075,80,10
plate_AL_7,plate_AL_10,B5,P7,3.2983,0.1235,2.321,0.0264,0.099,0.034,50,0.026,2,10,1.5,0.1,9,1.5,0.1,4,50,0.075,80,10
plate_AL_7,plate_AL_8,C4,P7,2.9539,0.0571,2.188,0.0823,0.033,0.034,50,0.026,2,10,1.5,0.1,9,1.5,0.06,4,50,0.075,80,10
plate_AL_3,plate_AL_4,F2,P7,1.4054,0.0751,1.0538,0.0394,0.033,0.0068,50,0.026,2,10,0.75,0.3,9,0.15,0.06,2,50,0.075,40,10
plate_AL_6,plate_AL_7,K17,P7,2.2771,0.0634,2.1864,0.2289,0.165,0.0068,50,0.078,2,10,1.5,0.1,9,0.45,0.02,4,50,0.075,80,10
plate_AL_2,plate_AL_5,L17,P7,1.5358,0.0297,1.4352,0.0243,0.033,0.034,50,0.026,2,10,0.75,0.3,9,0.45,0.06,2,50,0.075,40,10
plate_AL_2,plate_AL_6,L17,P7,1.5358,0.0297,1.3216,0.0268,0.033,0.034,50,0.026,2,10,0.75,0.3,9,0.45,0.06,2,50,0.075,40,10
plate_AL_2,plate_AL_3,N21,P7,1.3119,0.107,0.8895,0.1777,0.033,0.034,50,0.026,2,10,0.75,0.1,9,0.75,0.02,2,50,0.075,40,10
plate_AL_3,plate_AL_5,P6,P7,1.0699,0.1258,1.4352,0.0243,0.033,0.034,50,0.026,2,10,0.75,0.3,9,0.45,0.06,2,50,0.075,40,10
plate_AL_3,plate_AL_6,P6,P7,1.0699,0.1258,1.3216,0.0268,0.033,0.034,50,0.026,2,10,0.75,0.3,9,0.45,0.06,2,50,0.075,40,10
plate_AL_8,plate_AL_10,P6,P7,2.353,0.0913,2.321,0.0264,0.099,0.034,50,0.026,2,10,1.5,0.1,9,1.5,0.1,4,50,0.075,80,10
plate_AL_5,plate_AL_6,P7,P7,1.4352,0.0243,1.3216,0.0268,0.033,0.034,50,0.026,2,10,0.75,0.3,9,0.45,0.06,2,50,0.075,40,10
plate_AL_9,plate_AL_10,P8,P7,2.232,0.2191,2.321,0.0264,0.099,0.034,50,0.026,2,10,1.5,0.1,9,1.5,0.1,4,50,0.075,80,10
plate_AL_7,plate_AL_10,B2,P6,3.3227,0.0324,2.2815,0.0829,0.165,0.068,50,0.026,2,10,1.5,0.1,9,1.5,0.06,4,50,0.075,80,10
plate_AL_7,plate_AL_8,B5,P6,3.2983,0.1235,2.353,0.0913,0.099,0.034,50,0.026,2,10,1.5,0.1,9,1.5,0.1,4,50,0.075,80,10
plate_AL_4,plate_AL_5,D9,P6,1.577,0.014,1.2395,0.1659,0.033,0.0204,50,0.026,2,10,0.75,0.3,9,0.15,0.06,2,50,0.225,40,10
plate_AL_4,plate_AL_6,D9,P6,1.577,0.014,0.9077,0.0057,0.033,0.0204,50,0.026,2,10,0.75,0.3,9,0.15,0.06,2,50,0.225,40,10
plate_AL_6,plate_AL_7,K12,P6,2.6163,0.0106,2.2672,0.1503,0.099,0.0068,50,0.078,2,10,1.5,0.1,9,0.45,0.02,4,50,0.075,80,10
plate_AL_2,plate_AL_3,L17,P6,1.5358,0.0297,1.0699,0.1258,0.033,0.034,50,0.026,2,10,0.75,0.3,9,0.45,0.06,2,50,0.075,40,10
plate_AL_1,plate_AL_2,M3,P6,0.8109,0.0415,0.5685,0.0482,0.033,0.0204,50,0.026,2,10,0.45,0.5,15,0.75,0.1,1.2,50,0.225,40,10
plate_AL_6,plate_AL_9,N8,P6,2.1738,0.3049,2.5993,0.4605,0.033,0.0068,50,0.026,2,10,1.5,0.1,9,0.75,0.1,4,50,0.075,80,10
plate_AL_3,plate_AL_4,O9,P6,1.4587,0.0301,0.8899,0.3484,0.033,0.0204,50,0.026,2,10,0.75,0.3,15,0.45,0.02,2,50,0.075,40,10
plate_AL_5,plate_AL_6,P6,P6,1.2395,0.1659,0.9077,0.0057,0.033,0.0204,50,0.026,2,10,0.75,0.3,9,0.15,0.06,2,50,0.225,40,10
plate_AL_9,plate_AL_10,P7,P6,2.5839,0.1924,2.2815,0.0829,0.165,0.068,50,0.026,2,10,1.5,0.1,9,1.5,0.06,4,50,0.075,80,10
plate_AL_1,plate_AL_2,L16,P5,0.8326,0.0585,0.8798,0.1068,0.033,0.0068,50,0.026,2,10,0.75,0.3,15,0.75,0.02,2,50,0.375,24,10
plate_AL_1,plate_AL_3,L16,P5,0.8326,0.0585,0.6545,0.1832,0.033,0.0068,50,0.026,2,10,0.75,0.3,15,0.75,0.02,2,50,0.375,24,10
plate_AL_1,plate_AL_4,L16,P5,0.8326,0.0585,0.7731,0.3356,0.033,0.0068,50,0.026,2,10,0.75,0.3,15,0.75,0.02,2,50,0.375,24,10
plate_AL_1,plate_AL_5,L16,P5,0.8326,0.0585,0.8348,0.0593,0.033,0.0068,50,0.026,2,10,0.75,0.3,15,0.75,0.02,2,50,0.375,24,10
plate_AL_1,plate_AL_6,L16,P5,0.8326,0.0585,0.8793,0.0245,0.033,0.0068,50,0.026,2,10,0.75,0.3,15,0.75,0.02,2,50,0.375,24,10
plate_AL_1,plate_AL_7,L16,P5,0.8326,0.0585,0.9843,0.0935,0.033,0.0068,50,0.026,2,10,0.75,0.3,15,0.75,0.02,2,50,0.375,24,10
plate_AL_1,plate_AL_8,L16,P5,0.8326,0.0585,0.8646,0.1588,0.033,0.0068,50,0.026,2,10,0.75,0.3,15,0.75,0.02,2,50,0.375,24,10
plate_AL_1,plate_AL_9,L16,P5,0.8326,0.0585,0.8511,0.0331,0.033,0.0068,50,0.026,2,10,0.75,0.3,15,0.75,0.02,2,50,0.375,24,10
plate_AL_1,plate_AL_10,L16,P5,0.8326,0.0585,0.9898,0.0402,0.033,0.0068,50,0.026,2,10,0.75,0.3,15,0.75,0.02,2,50,0.375,24,10
plate_AL_2,plate_AL_3,P5,P5,0.8798,0.1068,0.6545,0.1832,0.033,0.0068,50,0.026,2,10,0.75,0.3,15,0.75,0.02,2,50,0.375,24,10
plate_AL_2,plate_AL_4,P5,P5,0.8798,0.1068,0.7731,0.3356,0.033,0.0068,50,0.026,2,10,0.75,0.3,15,0.75,0.02,2,50,0.375,24,10
plate_AL_2,plate_AL_5,P5,P5,0.8798,0.1068,0.8348,0.0593,0.033,0.0068,50,0.026,2,10,0.75,0.3,15,0.75,0.02,2,50,0.375,24,10
plate_AL_2,plate_AL_6,P5,P5,0.8798,0.1068,0.8793,0.0245,0.033,0.0068,50,0.026,2,10,0.75,0.3,15,0.75,0.02,2,50,0.375,24,10
plate_AL_2,plate_AL_7,P5,P5,0.8798,0.1068,0.9843,0.0935,0.033,0.0068,50,0.026,2,10,0.75,0.3,15,0.75,0.02,2,50,0.375,24,10
plate_AL_2,plate_AL_8,P5,P5,0.8798,0.1068,0.8646,0.1588,0.033,0.0068,50,0.026,2,10,0.75,0.3,15,0.75,0.02,2,50,0.375,24,10
plate_AL_2,plate_AL_9,P5,P5,0.8798,0.1068,0.8511,0.0331,0.033,0.0068,50,0.026,2,10,0.75,0.3,15,0.75,0.02,2,50,0.375,24,10
plate_AL_2,plate_AL_10,P5,P5,0.8798,0.1068,0.9898,0.0402,0.033,0.0068,50,0.026,2,10,0.75,0.3,15,0.75,0.02,2,50,0.375,24,10
plate_AL_3,plate_AL_4,P5,P5,0.6545,0.1832,0.7731,0.3356,0.033,0.0068,50,0.026,2,10,0.75,0.3,15,0.75,0.02,2,50,0.375,24,10
plate_AL_3,plate_AL_5,P5,P5,0.6545,0.1832,0.8348,0.0593,0.033,0.0068,50,0.026,2,10,0.75,0.3,15,0.75,0.02,2,50,0.375,24,10
plate_AL_3,plate_AL_6,P5,P5,0.6545,0.1832,0.8793,0.0245,0.033,0.0068,50,0.026,2,10,0.75,0.3,15,0.75,0.02,2,50,0.375,24,10
plate_AL_3,plate_AL_7,P5,P5,0.6545,0.1832,0.9843,0.0935,0.033,0.0068,50,0.026,2,10,0.75,0.3,15,0.75,0.02,2,50,0.375,24,10
plate_AL_3,plate_AL_8,P5,P5,0.6545,0.1832,0.8646,0.1588,0.033,0.0068,50,0.026,2,10,0.75,0.3,15,0.75,0.02,2,50,0.375,24,10
plate_AL_3,plate_AL_9,P5,P5,0.6545,0.1832,0.8511,0.0331,0.033,0.0068,50,0.026,2,10,0.75,0.3,15,0.75,0.02,2,50,0.375,24,10
plate_AL_3,plate_AL_10,P5,P5,0.6545,0.1832,0.9898,0.0402,0.033,0.0068,50,0.026,2,10,0.75,0.3,15,0.75,0.02,2,50,0.375,24,10
plate_AL_4,plate_AL_5,P5,P5,0.7731,0.3356,0.8348,0.0593,0.033,0.0068,50,0.026,2,10,0.75,0.3,15,0.75,0.02,2,50,0.375,24,10
plate_AL_4,plate_AL_6,P5,P5,0.7731,0.3356,0.8793,0.0245,0.033,0.0068,50,0.026,2,10,0.75,0.3,15,0.75,0.02,2,50,0.375,24,10
plate_AL_4,plate_AL_7,P5,P5,0.7731,0.3356,0.9843,0.0935,0.033,0.0068,50,0.026,2,10,0.75,0.3,15,0.75,0.02,2,50,0.375,24,10
plate_AL_4,plate_AL_8,P5,P5,0.7731,0.3356,0.8646,0.1588,0.033,0.0068,50,0.026,2,10,0.75,0.3,15,0.75,0.02,2,50,0.375,24,10
plate_AL_4,plate_AL_9,P5,P5,0.7731,0.3356,0.8511,0.0331,0.033,0.0068,50,0.026,2,10,0.75,0.3,15,0.75,0.02,2,50,0.375,24,10
plate_AL_4,plate_AL_10,P5,P5,0.7731,0.3356,0.9898,0.0402,0.033,0.0068,50,0.026,2,10,0.75,0.3,15,0.75,0.02,2,50,0.375,24,10
plate_AL_5,plate_AL_6,P5,P5,0.8348,0.0593,0.8793,0.0245,0.033,0.0068,50,0.026,2,10,0.75,0.3,15,0.75,0.02,2,50,0.375,24,10
plate_AL_5,plate_AL_7,P5,P5,0.8348,0.0593,0.9843,0.0935,0.033,0.0068,50,0.026,2,10,0.75,0.3,15,0.75,0.02,2,50,0.375,24,10
plate_AL_5,plate_AL_8,P5,P5,0.8348,0.0593,0.8646,0.1588,0.033,0.0068,50,0.026,2,10,0.75,0.3,15,0.75,0.02,2,50,0.375,24,10
plate_AL_5,plate_AL_9,P5,P5,0.8348,0.0593,0.8511,0.0331,0.033,0.0068,50,0.026,2,10,0.75,0.3,15,0.75,0.02,2,50,0.375,24,10
plate_AL_5,plate_AL_10,P5,P5,0.8348,0.0593,0.9898,0.0402,0.033,0.0068,50,0.026,2,10,0.75,0.3,15,0.75,0.02,2,50,0.375,24,10
plate_AL_6,plate_AL_7,P5,P5,0.8793,0.0245,0.9843,0.0935,0.033,0.0068,50,0.026,2,10,0.75,0.3,15,0.75,0.02,2,50,0.375,24,10
plate_AL_6,plate_AL_8,P5,P5,0.8793,0.0245,0.8646,0.1588,0.033,0.0068,50,0.026,2,10,0.75,0.3,15,0.75,0.02,2,50,0.375,24,10
plate_AL_6,plate_AL_9,P5,P5,0.8793,0.0245,0.8511,0.0331,0.033,0.0068,50,0.026,2,10,0.75,0.3,15,0.75,0.02,2,50,0.375,24,10
plate_AL_6,plate_AL_10,P5,P5,0.8793,0.0245,0.9898,0.0402,0.033,0.0068,50,0.026,2,10,0.75,0.3,15,0.75,0.02,2,50,0.375,24,10
plate_AL_7,plate_AL_8,P5,P5,0.9843,0.0935,0.8646,0.1588,0.033,0.0068,50,0.026,2,10,0.75,0.3,15,0.75,0.02,2,50,0.375,24,10
plate_AL_7,plate_AL_9,P5,P5,0.9843,0.0935,0.8511,0.0331,0.033,0.0068,50,0.026,2,10,0.75,0.3,15,0.75,0.02,2,50,0.375,24,10
plate_AL_7,plate_AL_10,P5,P5,0.9843,0.0935,0.9898,0.0402,0.033,0.0068,50,0.026,2,10,0.75,0.3,15,0.75,0.02,2,50,0.375,24,10
plate_AL_8,plate_AL_9,P5,P5,0.8646,0.1588,0.8511,0.0331,0.033,0.0068,50,0.026,2,10,0.75,0.3,15,0.75,0.02,2,50,0.375,24,10
plate_AL_8,plate_AL_10,P5,P5,0.8646,0.1588,0.9898,0.0402,0.033,0.0068,50,0.026,2,10,0.75,0.3,15,0.75,0.02,2,50,0.375,24,10
plate_AL_9,plate_AL_10,P5,P5,0.8511,0.0331,0.9898,0.0402,0.033,0.0068,50,0.026,2,10,0.75,0.3,15,0.75,0.02,2,50,0.375,24,10
plate_AL_1,plate_AL_2,M6,P3,1,0.021,1,0.0239,0.099,0.034,50,0.026,2,10,0.75,0.3,15,0.75,0.02,1.2,50,0.375,40,10
plate_AL_1,plate_AL_3,M6,P3,1,0.021,1,0.0358,0.099,0.034,50,0.026,2,10,0.75,0.3,15,0.75,0.02,1.2,50,0.375,40,10
plate_AL_1,plate_AL_4,M6,P3,1,0.021,1,0.117,0.099,0.034,50,0.026,2,10,0.75,0.3,15,0.75,0.02,1.2,50,0.375,40,10
plate_AL_1,plate_AL_5,M6,P3,1,0.021,1,0.0992,0.099,0.034,50,0.026,2,10,0.75,0.3,15,0.75,0.02,1.2,50,0.375,40,10
plate_AL_1,plate_AL_6,M6,P3,1,0.021,1,0.0568,0.099,0.034,50,0.026,2,10,0.75,0.3,15,0.75,0.02,1.2,50,0.375,40,10
plate_AL_1,plate_AL_7,M6,P3,1,0.021,1,0.1547,0.099,0.034,50,0.026,2,10,0.75,0.3,15,0.75,0.02,1.2,50,0.375,40,10
plate_AL_1,plate_AL_8,M6,P3,1,0.021,1,0.1059,0.099,0.034,50,0.026,2,10,0.75,0.3,15,0.75,0.02,1.2,50,0.375,40,10
plate_AL_1,plate_AL_9,M6,P3,1,0.021,1,0.0207,0.099,0.034,50,0.026,2,10,0.75,0.3,15,0.75,0.02,1.2,50,0.375,40,10
plate_AL_1,plate_AL_10,M6,P3,1,0.021,1,0.049,0.099,0.034,50,0.026,2,10,0.75,0.3,15,0.75,0.02,1.2,50,0.375,40,10
plate_AL_2,plate_AL_3,P3,P3,1,0.0239,1,0.0358,0.099,0.034,50,0.026,2,10,0.75,0.3,15,0.75,0.02,1.2,50,0.375,40,10
plate_AL_2,plate_AL_4,P3,P3,1,0.0239,1,0.117,0.099,0.034,50,0.026,2,10,0.75,0.3,15,0.75,0.02,1.2,50,0.375,40,10
plate_AL_2,plate_AL_5,P3,P3,1,0.0239,1,0.0992,0.099,0.034,50,0.026,2,10,0.75,0.3,15,0.75,0.02,1.2,50,0.375,40,10
plate_AL_2,plate_AL_6,P3,P3,1,0.0239,1,0.0568,0.099,0.034,50,0.026,2,10,0.75,0.3,15,0.75,0.02,1.2,50,0.375,40,10
plate_AL_2,plate_AL_7,P3,P3,1,0.0239,1,0.1547,0.099,0.034,50,0.026,2,10,0.75,0.3,15,0.75,0.02,1.2,50,0.375,40,10
plate_AL_2,plate_AL_8,P3,P3,1,0.0239,1,0.1059,0.099,0.034,50,0.026,2,10,0.75,0.3,15,0.75,0.02,1.2,50,0.375,40,10
plate_AL_2,plate_AL_9,P3,P3,1,0.0239,1,0.0207,0.099,0.034,50,0.026,2,10,0.75,0.3,15,0.75,0.02,1.2,50,0.375,40,10
plate_AL_2,plate_AL_10,P3,P3,1,0.0239,1,0.049,0.099,0.034,50,0.026,2,10,0.75,0.3,15,0.75,0.02,1.2,50,0.375,40,10
plate_AL_3,plate_AL_4,P3,P3,1,0.0358,1,0.117,0.099,0.034,50,0.026,2,10,0.75,0.3,15,0.75,0.02,1.2,50,0.375,40,10
plate_AL_3,plate_AL_5,P3,P3,1,0.0358,1,0.0992,0.099,0.034,50,0.026,2,10,0.75,0.3,15,0.75,0.02,1.2,50,0.375,40,10
plate_AL_3,plate_AL_6,P3,P3,1,0.0358,1,0.0568,0.099,0.034,50,0.026,2,10,0.75,0.3,15,0.75,0.02,1.2,50,0.375,40,10
plate_AL_3,plate_AL_7,P3,P3,1,0.0358,1,0.1547,0.099,0.034,50,0.026,2,10,0.75,0.3,15,0.75,0.02,1.2,50,0.375,40,10
plate_AL_3,plate_AL_8,P3,P3,1,0.0358,1,0.1059,0.099,0.034,50,0.026,2,10,0.75,0.3,15,0.75,0.02,1.2,50,0.375,40,10
plate_AL_3,plate_AL_9,P3,P3,1,0.0358,1,0.0207,0.099,0.034,50,0.026,2,10,0.75,0.3,15,0.75,0.02,1.2,50,0.375,40,10
plate_AL_3,plate_AL_10,P3,P3,1,0.0358,1,0.049,0.099,0.034,50,0.026,2,10,0.75,0.3,15,0.75,0.02,1.2,50,0.375,40,10
plate_AL_4,plate_AL_5,P3,P3,1,0.117,1,0.0992,0.099,0.034,50,0.026,2,10,0.75,0.3,15,0.75,0.02,1.2,50,0.375,40,10
plate_AL_4,plate_AL_6,P3,P3,1,0.117,1,0.0568,0.099,0.034,50,0.026,2,10,0.75,0.3,15,0.75,0.02,1.2,50,0.375,40,10
plate_AL_4,plate_AL_7,P3,P3,1,0.117,1,0.1547,0.099,0.034,50,0.026,2,10,0.75,0.3,15,0.75,0.02,1.2,50,0.375,40,10
plate_AL_4,plate_AL_8,P3,P3,1,0.117,1,0.1059,0.099,0.034,50,0.026,2,10,0.75,0.3,15,0.75,0.02,1.2,50,0.375,40,10
plate_AL_4,plate_AL_9,P3,P3,1,0.117,1,0.0207,0.099,0.034,50,0.026,2,10,0.75,0.3,15,0.75,0.02,1.2,50,0.375,40,10
plate_AL_4,plate_AL_10,P3,P3,1,0.117,1,0.049,0.099,0.034,50,0.026,2,10,0.75,0.3,15,0.75,0.02,1.2,50,0.375,40,10
plate_AL_5,plate_AL_6,P3,P3,1,0.0992,1,0.0568,0.099,0.034,50,0.026,2,10,0.75,0.3,15,0.75,0.02,1.2,50,0.375,40,10
plate_AL_5,plate_AL_7,P3,P3,1,0.0992,1,0.1547,0.099,0.034,50,0.026,2,10,0.75,0.3,15,0.75,0.02,1.2,50,0.375,40,10
plate_AL_5,plate_AL_8,P3,P3,1,0.0992,1,0.1059,0.099,0.034,50,0.026,2,10,0.75,0.3,15,0.75,0.02,1.2,50,0.375,40,10
plate_AL_5,plate_AL_9,P3,P3,1,0.0992,1,0.0207,0.099,0.034,50,0.026,2,10,0.75,0.3,15,0.75,0.02,1.2,50,0.375,40,10
plate_AL_5,plate_AL_10,P3,P3,1,0.0992,1,0.049,0.099,0.034,50,0.026,2,10,0.75,0.3,15,0.75,0.02,1.2,50,0.375,40,10
plate_AL_6,plate_AL_7,P3,P3,1,0.0568,1,0.1547,0.099,0.034,50,0.026,2,10,0.75,0.3,15,0.75,0.02,1.2,50,0.375,40,10
plate_AL_6,plate_AL_8,P3,P3,1,0.0568,1,0.1059,0.099,0.034,50,0.026,2,10,0.75,0.3,15,0.75,0.02,1.2,50,0.375,40,10
plate_AL_6,plate_AL_9,P3,P3,1,0.0568,1,0.0207,0.099,0.034,50,0.026,2,10,0.75,0.3,15,0.75,0.02,1.2,50,0.375,40,10
plate_AL_6,plate_AL_10,P3,P3,1,0.0568,1,0.049,0.099,0.034,50,0.026,2,10,0.75,0.3,15,0.75,0.02,1.2,50,0.375,40,10
plate_AL_7,plate_AL_8,P3,P3,1,0.1547,1,0.1059,0.099,0.034,50,0.026,2,10,0.75,0.3,15,0.75,0.02,1.2,50,0.375,40,10
plate_AL_7,plate_AL_9,P3,P3,1,0.1547,1,0.0207,0.099,0.034,50,0.026,2,10,0.75,0.3,15,0.75,0.02,1.2,50,0.375,40,10
plate_AL_7,plate_AL_10,P3,P3,1,0.1547,1,0.049,0.099,0.034,50,0.026,2,10,0.75,0.3,15,0.75,0.02,1.2,50,0.375,40,10
plate_AL_8,plate_AL_9,P3,P3,1,0.1059,1,0.0207,0.099,0.034,50,0.026,2,10,0.75,0.3,15,0.75,0.02,1.2,50,0.375,40,10
plate_AL_8,plate_AL_10,P3,P3,1,0.1059,1,0.049,0.099,0.034,50,0.026,2,10,0.75,0.3,15,0.75,0.02,1.2,50,0.375,40,10
plate_AL_9,plate_AL_10,P3,P3,1,0.0207,1,0.049,0.099,0.034,50,0.026,2,10,0.75,0.3,15,0.75,0.02,1.2,50,0.375,40,10
plate_AL_1,plate_AL_2,J6,P2,1.006,0.0393,1.0723,0.0566,0.165,0.034,50,0.026,2,10,0.75,0.5,15,0.45,0.02,2,50,0.225,40,10
plate_AL_1,plate_AL_3,J6,P2,1.006,0.0393,0.8836,0.2705,0.165,0.034,50,0.026,2,10,0.75,0.5,15,0.45,0.02,2,50,0.225,40,10
plate_AL_1,plate_AL_4,J6,P2,1.006,0.0393,1.0299,0.1782,0.165,0.034,50,0.026,2,10,0.75,0.5,15,0.45,0.02,2,50,0.225,40,10
plate_AL_1,plate_AL_5,J6,P2,1.006,0.0393,0.7334,0.2198,0.165,0.034,50,0.026,2,10,0.75,0.5,15,0.45,0.02,2,50,0.225,40,10
plate_AL_1,plate_AL_6,J6,P2,1.006,0.0393,0.7878,0.0473,0.165,0.034,50,0.026,2,10,0.75,0.5,15,0.45,0.02,2,50,0.225,40,10
plate_AL_1,plate_AL_7,J6,P2,1.006,0.0393,0.895,0.0785,0.165,0.034,50,0.026,2,10,0.75,0.5,15,0.45,0.02,2,50,0.225,40,10
plate_AL_1,plate_AL_8,J6,P2,1.006,0.0393,0.9066,0.0457,0.165,0.034,50,0.026,2,10,0.75,0.5,15,0.45,0.02,2,50,0.225,40,10
plate_AL_1,plate_AL_9,J6,P2,1.006,0.0393,0.7122,0.0445,0.165,0.034,50,0.026,2,10,0.75,0.5,15,0.45,0.02,2,50,0.225,40,10
plate_AL_1,plate_AL_10,J6,P2,1.006,0.0393,0.6798,0.0516,0.165,0.034,50,0.026,2,10,0.75,0.5,15,0.45,0.02,2,50,0.225,40,10
plate_AL_2,plate_AL_3,P2,P2,1.0723,0.0566,0.8836,0.2705,0.165,0.034,50,0.026,2,10,0.75,0.5,15,0.45,0.02,2,50,0.225,40,10
plate_AL_2,plate_AL_4,P2,P2,1.0723,0.0566,1.0299,0.1782,0.165,0.034,50,0.026,2,10,0.75,0.5,15,0.45,0.02,2,50,0.225,40,10
plate_AL_2,plate_AL_5,P2,P2,1.0723,0.0566,0.7334,0.2198,0.165,0.034,50,0.026,2,10,0.75,0.5,15,0.45,0.02,2,50,0.225,40,10
plate_AL_2,plate_AL_6,P2,P2,1.0723,0.0566,0.7878,0.0473,0.165,0.034,50,0.026,2,10,0.75,0.5,15,0.45,0.02,2,50,0.225,40,10
plate_AL_2,plate_AL_7,P2,P2,1.0723,0.0566,0.895,0.0785,0.165,0.034,50,0.026,2,10,0.75,0.5,15,0.45,0.02,2,50,0.225,40,10
plate_AL_2,plate_AL_8,P2,P2,1.0723,0.0566,0.9066,0.0457,0.165,0.034,50,0.026,2,10,0.75,0.5,15,0.45,0.02,2,50,0.225,40,10
plate_AL_2,plate_AL_9,P2,P2,1.0723,0.0566,0.7122,0.0445,0.165,0.034,50,0.026,2,10,0.75,0.5,15,0.45,0.02,2,50,0.225,40,10
plate_AL_2,plate_AL_10,P2,P2,1.0723,0.0566,0.6798,0.0516,0.165,0.034,50,0.026,2,10,0.75,0.5,15,0.45,0.02,2,50,0.225,40,10
plate_AL_3,plate_AL_4,P2,P2,0.8836,0.2705,1.0299,0.1782,0.165,0.034,50,0.026,2,10,0.75,0.5,15,0.45,0.02,2,50,0.225,40,10
plate_AL_3,plate_AL_5,P2,P2,0.8836,0.2705,0.7334,0.2198,0.165,0.034,50,0.026,2,10,0.75,0.5,15,0.45,0.02,2,50,0.225,40,10
plate_AL_3,plate_AL_6,P2,P2,0.8836,0.2705,0.7878,0.0473,0.165,0.034,50,0.026,2,10,0.75,0.5,15,0.45,0.02,2,50,0.225,40,10
plate_AL_3,plate_AL_7,P2,P2,0.8836,0.2705,0.895,0.0785,0.165,0.034,50,0.026,2,10,0.75,0.5,15,0.45,0.02,2,50,0.225,40,10
plate_AL_3,plate_AL_8,P2,P2,0.8836,0.2705,0.9066,0.0457,0.165,0.034,50,0.026,2,10,0.75,0.5,15,0.45,0.02,2,50,0.225,40,10
plate_AL_3,plate_AL_9,P2,P2,0.8836,0.2705,0.7122,0.0445,0.165,0.034,50,0.026,2,10,0.75,0.5,15,0.45,0.02,2,50,0.225,40,10
plate_AL_3,plate_AL_10,P2,P2,0.8836,0.2705,0.6798,0.0516,0.165,0.034,50,0.026,2,10,0.75,0.5,15,0.45,0.02,2,50,0.225,40,10
plate_AL_4,plate_AL_5,P2,P2,1.0299,0.1782,0.7334,0.2198,0.165,0.034,50,0.026,2,10,0.75,0.5,15,0.45,0.02,2,50,0.225,40,10
plate_AL_4,plate_AL_6,P2,P2,1.0299,0.1782,0.7878,0.0473,0.165,0.034,50,0.026,2,10,0.75,0.5,15,0.45,0.02,2,50,0.225,40,10
plate_AL_4,plate_AL_7,P2,P2,1.0299,0.1782,0.895,0.0785,0.165,0.034,50,0.026,2,10,0.75,0.5,15,0.45,0.02,2,50,0.225,40,10
plate_AL_4,plate_AL_8,P2,P2,1.0299,0.1782,0.9066,0.0457,0.165,0.034,50,0.026,2,10,0.75,0.5,15,0.45,0.02,2,50,0.225,40,10
plate_AL_4,plate_AL_9,P2,P2,1.0299,0.1782,0.7122,0.0445,0.165,0.034,50,0.026,2,10,0.75,0.5,15,0.45,0.02,2,50,0.225,40,10
plate_AL_4,plate_AL_10,P2,P2,1.0299,0.1782,0.6798,0.0516,0.165,0.034,50,0.026,2,10,0.75,0.5,15,0.45,0.02,2,50,0.225,40,10
plate_AL_5,plate_AL_6,P2,P2,0.7334,0.2198,0.7878,0.0473,0.165,0.034,50,0.026,2,10,0.75,0.5,15,0.45,0.02,2,50,0.225,40,10
plate_AL_5,plate_AL_7,P2,P2,0.7334,0.2198,0.895,0.0785,0.165,0.034,50,0.026,2,10,0.75,0.5,15,0.45,0.02,2,50,0.225,40,10
plate_AL_5,plate_AL_8,P2,P2,0.7334,0.2198,0.9066,0.0457,0.165,0.034,50,0.026,2,10,0.75,0.5,15,0.45,0.02,2,50,0.225,40,10
plate_AL_5,plate_AL_9,P2,P2,0.7334,0.2198,0.7122,0.0445,0.165,0.034,50,0.026,2,10,0.75,0.5,15,0.45,0.02,2,50,0.225,40,10
plate_AL_5,plate_AL_10,P2,P2,0.7334,0.2198,0.6798,0.0516,0.165,0.034,50,0.026,2,10,0.75,0.5,15,0.45,0.02,2,50,0.225,40,10
plate_AL_6,plate_AL_7,P2,P2,0.7878,0.0473,0.895,0.0785,0.165,0.034,50,0.026,2,10,0.75,0.5,15,0.45,0.02,2,50,0.225,40,10
plate_AL_6,plate_AL_8,P2,P2,0.7878,0.0473,0.9066,0.0457,0.165,0.034,50,0.026,2,10,0.75,0.5,15,0.45,0.02,2,50,0.225,40,10
plate_AL_6,plate_AL_9,P2,P2,0.7878,0.0473,0.7122,0.0445,0.165,0.034,50,0.026,2,10,0.75,0.5,15,0.45,0.02,2,50,0.225,40,10
plate_AL_6,plate_AL_10,P2,P2,0.7878,0.0473,0.6798,0.0516,0.165,0.034,50,0.026,2,10,0.75,0.5,15,0.45,0.02,2,50,0.225,40,10
plate_AL_7,plate_AL_8,P2,P2,0.895,0.0785,0.9066,0.0457,0.165,0.034,50,0.026,2,10,0.75,0.5,15,0.45,0.02,2,50,0.225,40,10
plate_AL_7,plate_AL_9,P2,P2,0.895,0.0785,0.7122,0.0445,0.165,0.034,50,0.026,2,10,0.75,0.5,15,0.45,0.02,2,50,0.225,40,10
plate_AL_7,plate_AL_10,P2,P2,0.895,0.0785,0.6798,0.0516,0.165,0.034,50,0.026,2,10,0.75,0.5,15,0.45,0.02,2,50,0.225,40,10
plate_AL_8,plate_AL_9,P2,P2,0.9066,0.0457,0.7122,0.0445,0.165,0.034,50,0.026,2,10,0.75,0.5,15,0.45,0.02,2,50,0.225,40,10
plate_AL_8,plate_AL_10,P2,P2,0.9066,0.0457,0.6798,0.0516,0.165,0.034,50,0.026,2,10,0.75,0.5,15,0.45,0.02,2,50,0.225,40,10
plate_AL_9,plate_AL_10,P2,P2,0.7122,0.0445,0.6798,0.0516,0.165,0.034,50,0.026,2,10,0.75,0.5,15,0.45,0.02,2,50,0.225,40,10
plate_AL_6,plate_AL_7,H19,M10,2.1504,0.1963,1.5581,0.0249,0.165,0.068,50,0.078,2,10,1.5,0.1,9,0.15,0.06,4,50,0.075,80,10
plate_AL_6,plate_AL_7,M6,J7,1.9553,0.4199,1.6641,0.3532,0.033,0.068,50,0.078,2,10,1.5,0.1,9,0.45,0.06,4,50,0.075,80,10
plate_AL_3,plate_AL_4,O4,I19,1.1256,0.0695,1.1749,0.0332,0.099,0.0204,50,0.026,2,10,0.75,0.1,9,0.45,0.06,2,50,0.075,40,10
plate_AL_3,plate_AL_5,O7,F9,1.1702,0.0467,0.9895,0.1521,0.033,0.034,50,0.026,2,10,0.75,0.1,15,0.45,0.02,2,50,0.075,40,10
plate_AL_3,plate_AL_4,K22,F5,1.0837,0.0487,0.991,0.2344,0.099,0.034,50,0.026,2,10,0.75,0.3,15,0.15,0.1,1.2,50,0.075,40,10
plate_AL_3,plate_AL_4,G14,C7,1.0541,0.0585,1.0855,0.0916,0.033,0.0204,50,0.026,2,10,0.75,0.1,9,0.15,0.1,2,50,0.075,40,10
plate_AL_3,plate_AL_4,G13,C6,1.0691,0.0224,1.1724,0.0452,0.099,0.0068,50,0.026,2,10,0.75,0.1,9,0.15,0.1,2,50,0.075,40,10
plate_AL_3,plate_AL_4,E6,B5,1.2295,0.0446,1.275,0.0586,0.099,0.0068,50,0.026,2,10,0.75,0.3,15,0.15,0.02,1.2,50,0.075,40,10
plate_AL_2,plate_AL_3,A7,A7,0.1057,0.0245,0.1117,0.0142,0.33,0.068,50,0.26,2,10,1.5,1,30,1.5,0.2,4,50,0.75,80,10
plate_AL_2,plate_AL_4,A7,A7,0.1057,0.0245,0.0169,0.0369,0.33,0.068,50,0.26,2,10,1.5,1,30,1.5,0.2,4,50,0.75,80,10
plate_AL_2,plate_AL_5,A7,A7,0.1057,0.0245,0.0514,0.0115,0.33,0.068,50,0.26,2,10,1.5,1,30,1.5,0.2,4,50,0.75,80,10
plate_AL_2,plate_AL_6,A7,A7,0.1057,0.0245,0.021,0.0041,0.33,0.068,50,0.26,2,10,1.5,1,30,1.5,0.2,4,50,0.75,80,10
plate_AL_2,plate_AL_7,A7,A7,0.1057,0.0245,0.0477,0.0098,0.33,0.068,50,0.26,2,10,1.5,1,30,1.5,0.2,4,50,0.75,80,10
plate_AL_2,plate_AL_8,A7,A7,0.1057,0.0245,0.0382,0.0059,0.33,0.068,50,0.26,2,10,1.5,1,30,1.5,0.2,4,50,0.75,80,10
plate_AL_2,plate_AL_9,A7,A7,0.1057,0.0245,0.0548,0.054,0.33,0.068,50,0.26,2,10,1.5,1,30,1.5,0.2,4,50,0.75,80,10
plate_AL_2,plate_AL_10,A7,A7,0.1057,0.0245,0.0263,0.0026,0.33,0.068,50,0.26,2,10,1.5,1,30,1.5,0.2,4,50,0.75,80,10
plate_AL_3,plate_AL_4,A7,A7,0.1117,0.0142,0.0169,0.0369,0.33,0.068,50,0.26,2,10,1.5,1,30,1.5,0.2,4,50,0.75,80,10
plate_AL_3,plate_AL_5,A7,A7,0.1117,0.0142,0.0514,0.0115,0.33,0.068,50,0.26,2,10,1.5,1,30,1.5,0.2,4,50,0.75,80,10
plate_AL_3,plate_AL_6,A7,A7,0.1117,0.0142,0.021,0.0041,0.33,0.068,50,0.26,2,10,1.5,1,30,1.5,0.2,4,50,0.75,80,10
plate_AL_3,plate_AL_7,A7,A7,0.1117,0.0142,0.0477,0.0098,0.33,0.068,50,0.26,2,10,1.5,1,30,1.5,0.2,4,50,0.75,80,10
plate_AL_3,plate_AL_8,A7,A7,0.1117,0.0142,0.0382,0.0059,0.33,0.068,50,0.26,2,10,1.5,1,30,1.5,0.2,4,50,0.75,80,10
plate_AL_3,plate_AL_9,A7,A7,0.1117,0.0142,0.0548,0.054,0.33,0.068,50,0.26,2,10,1.5,1,30,1.5,0.2,4,50,0.75,80,10
plate_AL_3,plate_AL_10,A7,A7,0.1117,0.0142,0.0263,0.0026,0.33,0.068,50,0.26,2,10,1.5,1,30,1.5,0.2,4,50,0.75,80,10
plate_AL_4,plate_AL_5,A7,A7,0.0169,0.0369,0.0514,0.0115,0.33,0.068,50,0.26,2,10,1.5,1,30,1.5,0.2,4,50,0.75,80,10
plate_AL_4,plate_AL_6,A7,A7,0.0169,0.0369,0.021,0.0041,0.33,0.068,50,0.26,2,10,1.5,1,30,1.5,0.2,4,50,0.75,80,10
plate_AL_4,plate_AL_7,A7,A7,0.0169,0.0369,0.0477,0.0098,0.33,0.068,50,0.26,2,10,1.5,1,30,1.5,0.2,4,50,0.75,80,10
plate_AL_4,plate_AL_8,A7,A7,0.0169,0.0369,0.0382,0.0059,0.33,0.068,50,0.26,2,10,1.5,1,30,1.5,0.2,4,50,0.75,80,10
plate_AL_4,plate_AL_9,A7,A7,0.0169,0.0369,0.0548,0.054,0.33,0.068,50,0.26,2,10,1.5,1,30,1.5,0.2,4,50,0.75,80,10
plate_AL_4,plate_AL_10,A7,A7,0.0169,0.0369,0.0263,0.0026,0.33,0.068,50,0.26,2,10,1.5,1,30,1.5,0.2,4,50,0.75,80,10
plate_AL_5,plate_AL_6,A7,A7,0.0514,0.0115,0.021,0.0041,0.33,0.068,50,0.26,2,10,1.5,1,30,1.5,0.2,4,50,0.75,80,10
plate_AL_5,plate_AL_7,A7,A7,0.0514,0.0115,0.0477,0.0098,0.33,0.068,50,0.26,2,10,1.5,1,30,1.5,0.2,4,50,0.75,80,10
plate_AL_5,plate_AL_8,A7,A7,0.0514,0.0115,0.0382,0.0059,0.33,0.068,50,0.26,2,10,1.5,1,30,1.5,0.2,4,50,0.75,80,10
plate_AL_5,plate_AL_9,A7,A7,0.0514,0.0115,0.0548,0.054,0.33,0.068,50,0.26,2,10,1.5,1,30,1.5,0.2,4,50,0.75,80,10
plate_AL_5,plate_AL_10,A7,A7,0.0514,0.0115,0.0263,0.0026,0.33,0.068,50,0.26,2,10,1.5,1,30,1.5,0.2,4,50,0.75,80,10
plate_AL_6,plate_AL_7,A7,A7,0.021,0.0041,0.0477,0.0098,0.33,0.068,50,0.26,2,10,1.5,1,30,1.5,0.2,4,50,0.75,80,10
plate_AL_6,plate_AL_8,A7,A7,0.021,0.0041,0.0382,0.0059,0.33,0.068,50,0.26,2,10,1.5,1,30,1.5,0.2,4,50,0.75,80,10
plate_AL_6,plate_AL_9,A7,A7,0.021,0.0041,0.0548,0.054,0.33,0.068,50,0.26,2,10,1.5,1,30,1.5,0.2,4,50,0.75,80,10
plate_AL_6,plate_AL_10,A7,A7,0.021,0.0041,0.0263,0.0026,0.33,0.068,50,0.26,2,10,1.5,1,30,1.5,0.2,4,50,0.75,80,10
plate_AL_7,plate_AL_8,A7,A7,0.0477,0.0098,0.0382,0.0059,0.33,0.068,50,0.26,2,10,1.5,1,30,1.5,0.2,4,50,0.75,80,10
plate_AL_7,plate_AL_9,A7,A7,0.0477,0.0098,0.0548,0.054,0.33,0.068,50,0.26,2,10,1.5,1,30,1.5,0.2,4,50,0.75,80,10
plate_AL_7,plate_AL_10,A7,A7,0.0477,0.0098,0.0263,0.0026,0.33,0.068,50,0.26,2,10,1.5,1,30,1.5,0.2,4,50,0.75,80,10
plate_AL_8,plate_AL_9,A7,A7,0.0382,0.0059,0.0548,0.054,0.33,0.068,50,0.26,2,10,1.5,1,30,1.5,0.2,4,50,0.75,80,10
plate_AL_8,plate_AL_10,A7,A7,0.0382,0.0059,0.0263,0.0026,0.33,0.068,50,0.26,2,10,1.5,1,30,1.5,0.2,4,50,0.75,80,10
plate_AL_9,plate_AL_10,A7,A7,0.0548,0.054,0.0263,0.0026,0.33,0.068,50,0.26,2,10,1.5,1,30,1.5,0.2,4,50,0.75,80,10
plate_AL_1,plate_AL_2,O16,A7,0.0563,0.0191,0.1057,0.0245,0.33,0.068,50,0.26,2,10,1.5,1,30,1.5,0.2,4,50,0.75,80,10
plate_AL_1,plate_AL_3,O16,A7,0.0563,0.0191,0.1117,0.0142,0.33,0.068,50,0.26,2,10,1.5,1,30,1.5,0.2,4,50,0.75,80,10
plate_AL_1,plate_AL_4,O16,A7,0.0563,0.0191,0.0169,0.0369,0.33,0.068,50,0.26,2,10,1.5,1,30,1.5,0.2,4,50,0.75,80,10
plate_AL_1,plate_AL_5,O16,A7,0.0563,0.0191,0.0514,0.0115,0.33,0.068,50,0.26,2,10,1.5,1,30,1.5,0.2,4,50,0.75,80,10
plate_AL_1,plate_AL_6,O16,A7,0.0563,0.0191,0.021,0.0041,0.33,0.068,50,0.26,2,10,1.5,1,30,1.5,0.2,4,50,0.75,80,10
plate_AL_1,plate_AL_7,O16,A7,0.0563,0.0191,0.0477,0.0098,0.33,0.068,50,0.26,2,10,1.5,1,30,1.5,0.2,4,50,0.75,80,10
plate_AL_1,plate_AL_8,O16,A7,0.0563,0.0191,0.0382,0.0059,0.33,0.068,50,0.26,2,10,1.5,1,30,1.5,0.2,4,50,0.75,80,10
plate_AL_1,plate_AL_9,O16,A7,0.0563,0.0191,0.0548,0.054,0.33,0.068,50,0.26,2,10,1.5,1,30,1.5,0.2,4,50,0.75,80,10
plate_AL_1,plate_AL_10,O16,A7,0.0563,0.0191,0.0263,0.0026,0.33,0.068,50,0.26,2,10,1.5,1,30,1.5,0.2,4,50,0.75,80,10
plate_AL_2,plate_AL_3,A6,A6,0,0.0239,0,0.0151,0.33,0.068,0,0.26,2,10,1.5,1,30,1.5,0.2,4,50,0.75,80,10
plate_AL_2,plate_AL_4,A6,A6,0,0.0239,0,0.0234,0.33,0.068,0,0.26,2,10,1.5,1,30,1.5,0.2,4,50,0.75,80,10
plate_AL_2,plate_AL_5,A6,A6,0,0.0239,0,0.0037,0.33,0.068,0,0.26,2,10,1.5,1,30,1.5,0.2,4,50,0.75,80,10
plate_AL_2,plate_AL_6,A6,A6,0,0.0239,0,0.0118,0.33,0.068,0,0.26,2,10,1.5,1,30,1.5,0.2,4,50,0.75,80,10
plate_AL_2,plate_AL_7,A6,A6,0,0.0239,0,0.0054,0.33,0.068,0,0.26,2,10,1.5,1,30,1.5,0.2,4,50,0.75,80,10
plate_AL_2,plate_AL_8,A6,A6,0,0.0239,0,0.0026,0.33,0.068,0,0.26,2,10,1.5,1,30,1.5,0.2,4,50,0.75,80,10
plate_AL_2,plate_AL_9,A6,A6,0,0.0239,0,0.0015,0.33,0.068,0,0.26,2,10,1.5,1,30,1.5,0.2,4,50,0.75,80,10
plate_AL_2,plate_AL_10,A6,A6,0,0.0239,0,0.0069,0.33,0.068,0,0.26,2,10,1.5,1,30,1.5,0.2,4,50,0.75,80,10
plate_AL_3,plate_AL_4,A6,A6,0,0.0151,0,0.0234,0.33,0.068,0,0.26,2,10,1.5,1,30,1.5,0.2,4,50,0.75,80,10
plate_AL_3,plate_AL_5,A6,A6,0,0.0151,0,0.0037,0.33,0.068,0,0.26,2,10,1.5,1,30,1.5,0.2,4,50,0.75,80,10
plate_AL_3,plate_AL_6,A6,A6,0,0.0151,0,0.0118,0.33,0.068,0,0.26,2,10,1.5,1,30,1.5,0.2,4,50,0.75,80,10
plate_AL_3,plate_AL_7,A6,A6,0,0.0151,0,0.0054,0.33,0.068,0,0.26,2,10,1.5,1,30,1.5,0.2,4,50,0.75,80,10
plate_AL_3,plate_AL_8,A6,A6,0,0.0151,0,0.0026,0.33,0.068,0,0.26,2,10,1.5,1,30,1.5,0.2,4,50,0.75,80,10
plate_AL_3,plate_AL_9,A6,A6,0,0.0151,0,0.0015,0.33,0.068,0,0.26,2,10,1.5,1,30,1.5,0.2,4,50,0.75,80,10
plate_AL_3,plate_AL_10,A6,A6,0,0.0151,0,0.0069,0.33,0.068,0,0.26,2,10,1.5,1,30,1.5,0.2,4,50,0.75,80,10
plate_AL_4,plate_AL_5,A6,A6,0,0.0234,0,0.0037,0.33,0.068,0,0.26,2,10,1.5,1,30,1.5,0.2,4,50,0.75,80,10
plate_AL_4,plate_AL_6,A6,A6,0,0.0234,0,0.0118,0.33,0.068,0,0.26,2,10,1.5,1,30,1.5,0.2,4,50,0.75,80,10
plate_AL_4,plate_AL_7,A6,A6,0,0.0234,0,0.0054,0.33,0.068,0,0.26,2,10,1.5,1,30,1.5,0.2,4,50,0.75,80,10
plate_AL_4,plate_AL_8,A6,A6,0,0.0234,0,0.0026,0.33,0.068,0,0.26,2,10,1.5,1,30,1.5,0.2,4,50,0.75,80,10
plate_AL_4,plate_AL_9,A6,A6,0,0.0234,0,0.0015,0.33,0.068,0,0.26,2,10,1.5,1,30,1.5,0.2,4,50,0.75,80,10
plate_AL_4,plate_AL_10,A6,A6,0,0.0234,0,0.0069,0.33,0.068,0,0.26,2,10,1.5,1,30,1.5,0.2,4,50,0.75,80,10
plate_AL_5,plate_AL_6,A6,A6,0,0.0037,0,0.0118,0.33,0.068,0,0.26,2,10,1.5,1,30,1.5,0.2,4,50,0.75,80,10
plate_AL_5,plate_AL_7,A6,A6,0,0.0037,0,0.0054,0.33,0.068,0,0.26,2,10,1.5,1,30,1.5,0.2,4,50,0.75,80,10
plate_AL_5,plate_AL_8,A6,A6,0,0.0037,0,0.0026,0.33,0.068,0,0.26,2,10,1.5,1,30,1.5,0.2,4,50,0.75,80,10
plate_AL_5,plate_AL_9,A6,A6,0,0.0037,0,0.0015,0.33,0.068,0,0.26,2,10,1.5,1,30,1.5,0.2,4,50,0.75,80,10
plate_AL_5,plate_AL_10,A6,A6,0,0.0037,0,0.0069,0.33,0.068,0,0.26,2,10,1.5,1,30,1.5,0.2,4,50,0.75,80,10
plate_AL_6,plate_AL_7,A6,A6,0,0.0118,0,0.0054,0.33,0.068,0,0.26,2,10,1.5,1,30,1.5,0.2,4,50,0.75,80,10
plate_AL_6,plate_AL_8,A6,A6,0,0.0118,0,0.0026,0.33,0.068,0,0.26,2,10,1.5,1,30,1.5,0.2,4,50,0.75,80,10
plate_AL_6,plate_AL_9,A6,A6,0,0.0118,0,0.0015,0.33,0.068,0,0.26,2,10,1.5,1,30,1.5,0.2,4,50,0.75,80,10
plate_AL_6,plate_AL_10,A6,A6,0,0.0118,0,0.0069,0.33,0.068,0,0.26,2,10,1.5,1,30,1.5,0.2,4,50,0.75,80,10
plate_AL_7,plate_AL_8,A6,A6,0,0.0054,0,0.0026,0.33,0.068,0,0.26,2,10,1.5,1,30,1.5,0.2,4,50,0.75,80,10
plate_AL_7,plate_AL_9,A6,A6,0,0.0054,0,0.0015,0.33,0.068,0,0.26,2,10,1.5,1,30,1.5,0.2,4,50,0.75,80,10
plate_AL_7,plate_AL_10,A6,A6,0,0.0054,0,0.0069,0.33,0.068,0,0.26,2,10,1.5,1,30,1.5,0.2,4,50,0.75,80,10
plate_AL_8,plate_AL_9,A6,A6,0,0.0026,0,0.0015,0.33,0.068,0,0.26,2,10,1.5,1,30,1.5,0.2,4,50,0.75,80,10
plate_AL_8,plate_AL_10,A6,A6,0,0.0026,0,0.0069,0.33,0.068,0,0.26,2,10,1.5,1,30,1.5,0.2,4,50,0.75,80,10
plate_AL_9,plate_AL_10,A6,A6,0,0.0015,0,0.0069,0.33,0.068,0,0.26,2,10,1.5,1,30,1.5,0.2,4,50,0.75,80,10
plate_AL_2,plate_AL_3,A5,A5,0.2532,0.019,0.2245,0.0111,0.033,0.0204,50,0.078,2,10,0.15,0.5,9,0.45,0.06,2,50,0.225,24,10
plate_AL_2,plate_AL_4,A5,A5,0.2532,0.019,0.2446,0.0148,0.033,0.0204,50,0.078,2,10,0.15,0.5,9,0.45,0.06,2,50,0.225,24,10
plate_AL_2,plate_AL_5,A5,A5,0.2532,0.019,0.1542,0.0073,0.033,0.0204,50,0.078,2,10,0.15,0.5,9,0.45,0.06,2,50,0.225,24,10
plate_AL_2,plate_AL_6,A5,A5,0.2532,0.019,0.0993,0.0167,0.033,0.0204,50,0.078,2,10,0.15,0.5,9,0.45,0.06,2,50,0.225,24,10
plate_AL_2,plate_AL_7,A5,A5,0.2532,0.019,0.1825,0.0219,0.033,0.0204,50,0.078,2,10,0.15,0.5,9,0.45,0.06,2,50,0.225,24,10
plate_AL_2,plate_AL_8,A5,A5,0.2532,0.019,0.1872,0.022,0.033,0.0204,50,0.078,2,10,0.15,0.5,9,0.45,0.06,2,50,0.225,24,10
plate_AL_2,plate_AL_9,A5,A5,0.2532,0.019,0.134,0.037,0.033,0.0204,50,0.078,2,10,0.15,0.5,9,0.45,0.06,2,50,0.225,24,10
plate_AL_2,plate_AL_10,A5,A5,0.2532,0.019,0.1103,0.0033,0.033,0.0204,50,0.078,2,10,0.15,0.5,9,0.45,0.06,2,50,0.225,24,10
plate_AL_3,plate_AL_4,A5,A5,0.2245,0.0111,0.2446,0.0148,0.033,0.0204,50,0.078,2,10,0.15,0.5,9,0.45,0.06,2,50,0.225,24,10
plate_AL_3,plate_AL_5,A5,A5,0.2245,0.0111,0.1542,0.0073,0.033,0.0204,50,0.078,2,10,0.15,0.5,9,0.45,0.06,2,50,0.225,24,10
plate_AL_3,plate_AL_6,A5,A5,0.2245,0.0111,0.0993,0.0167,0.033,0.0204,50,0.078,2,10,0.15,0.5,9,0.45,0.06,2,50,0.225,24,10
plate_AL_3,plate_AL_7,A5,A5,0.2245,0.0111,0.1825,0.0219,0.033,0.0204,50,0.078,2,10,0.15,0.5,9,0.45,0.06,2,50,0.225,24,10
plate_AL_3,plate_AL_8,A5,A5,0.2245,0.0111,0.1872,0.022,0.033,0.0204,50,0.078,2,10,0.15,0.5,9,0.45,0.06,2,50,0.225,24,10
plate_AL_3,plate_AL_9,A5,A5,0.2245,0.0111,0.134,0.037,0.033,0.0204,50,0.078,2,10,0.15,0.5,9,0.45,0.06,2,50,0.225,24,10
plate_AL_3,plate_AL_10,A5,A5,0.2245,0.0111,0.1103,0.0033,0.033,0.0204,50,0.078,2,10,0.15,0.5,9,0.45,0.06,2,50,0.225,24,10
plate_AL_4,plate_AL_5,A5,A5,0.2446,0.0148,0.1542,0.0073,0.033,0.0204,50,0.078,2,10,0.15,0.5,9,0.45,0.06,2,50,0.225,24,10
plate_AL_4,plate_AL_6,A5,A5,0.2446,0.0148,0.0993,0.0167,0.033,0.0204,50,0.078,2,10,0.15,0.5,9,0.45,0.06,2,50,0.225,24,10
plate_AL_4,plate_AL_7,A5,A5,0.2446,0.0148,0.1825,0.0219,0.033,0.0204,50,0.078,2,10,0.15,0.5,9,0.45,0.06,2,50,0.225,24,10
plate_AL_4,plate_AL_8,A5,A5,0.2446,0.0148,0.1872,0.022,0.033,0.0204,50,0.078,2,10,0.15,0.5,9,0.45,0.06,2,50,0.225,24,10
plate_AL_4,plate_AL_9,A5,A5,0.2446,0.0148,0.134,0.037,0.033,0.0204,50,0.078,2,10,0.15,0.5,9,0.45,0.06,2,50,0.225,24,10
plate_AL_4,plate_AL_10,A5,A5,0.2446,0.0148,0.1103,0.0033,0.033,0.0204,50,0.078,2,10,0.15,0.5,9,0.45,0.06,2,50,0.225,24,10
plate_AL_5,plate_AL_6,A5,A5,0.1542,0.0073,0.0993,0.0167,0.033,0.0204,50,0.078,2,10,0.15,0.5,9,0.45,0.06,2,50,0.225,24,10
plate_AL_5,plate_AL_7,A5,A5,0.1542,0.0073,0.1825,0.0219,0.033,0.0204,50,0.078,2,10,0.15,0.5,9,0.45,0.06,2,50,0.225,24,10
plate_AL_5,plate_AL_8,A5,A5,0.1542,0.0073,0.1872,0.022,0.033,0.0204,50,0.078,2,10,0.15,0.5,9,0.45,0.06,2,50,0.225,24,10
plate_AL_5,plate_AL_9,A5,A5,0.1542,0.0073,0.134,0.037,0.033,0.0204,50,0.078,2,10,0.15,0.5,9,0.45,0.06,2,50,0.225,24,10
plate_AL_5,plate_AL_10,A5,A5,0.1542,0.0073,0.1103,0.0033,0.033,0.0204,50,0.078,2,10,0.15,0.5,9,0.45,0.06,2,50,0.225,24,10
plate_AL_6,plate_AL_7,A5,A5,0.0993,0.0167,0.1825,0.0219,0.033,0.0204,50,0.078,2,10,0.15,0.5,9,0.45,0.06,2,50,0.225,24,10
plate_AL_6,plate_AL_8,A5,A5,0.0993,0.0167,0.1872,0.022,0.033,0.0204,50,0.078,2,10,0.15,0.5,9,0.45,0.06,2,50,0.225,24,10
plate_AL_6,plate_AL_9,A5,A5,0.0993,0.0167,0.134,0.037,0.033,0.0204,50,0.078,2,10,0.15,0.5,9,0.45,0.06,2,50,0.225,24,10
plate_AL_6,plate_AL_10,A5,A5,0.0993,0.0167,0.1103,0.0033,0.033,0.0204,50,0.078,2,10,0.15,0.5,9,0.45,0.06,2,50,0.225,24,10
plate_AL_7,plate_AL_8,A5,A5,0.1825,0.0219,0.1872,0.022,0.033,0.0204,50,0.078,2,10,0.15,0.5,9,0.45,0.06,2,50,0.225,24,10
plate_AL_7,plate_AL_9,A5,A5,0.1825,0.0219,0.134,0.037,0.033,0.0204,50,0.078,2,10,0.15,0.5,9,0.45,0.06,2,50,0.225,24,10
plate_AL_7,plate_AL_10,A5,A5,0.1825,0.0219,0.1103,0.0033,0.033,0.0204,50,0.078,2,10,0.15,0.5,9,0.45,0.06,2,50,0.225,24,10
plate_AL_8,plate_AL_9,A5,A5,0.1872,0.022,0.134,0.037,0.033,0.0204,50,0.078,2,10,0.15,0.5,9,0.45,0.06,2,50,0.225,24,10
plate_AL_8,plate_AL_10,A5,A5,0.1872,0.022,0.1103,0.0033,0.033,0.0204,50,0.078,2,10,0.15,0.5,9,0.45,0.06,2,50,0.225,24,10
plate_AL_9,plate_AL_10,A5,A5,0.134,0.037,0.1103,0.0033,0.033,0.0204,50,0.078,2,10,0.15,0.5,9,0.45,0.06,2,50,0.225,24,10
plate_AL_1,plate_AL_2,I10,A5,0.18,0.1263,0.2532,0.019,0.033,0.0204,50,0.078,2,10,0.15,0.5,9,0.45,0.06,2,50,0.225,24,10
plate_AL_1,plate_AL_3,I10,A5,0.18,0.1263,0.2245,0.0111,0.033,0.0204,50,0.078,2,10,0.15,0.5,9,0.45,0.06,2,50,0.225,24,10
plate_AL_1,plate_AL_4,I10,A5,0.18,0.1263,0.2446,0.0148,0.033,0.0204,50,0.078,2,10,0.15,0.5,9,0.45,0.06,2,50,0.225,24,10
plate_AL_1,plate_AL_5,I10,A5,0.18,0.1263,0.1542,0.0073,0.033,0.0204,50,0.078,2,10,0.15,0.5,9,0.45,0.06,2,50,0.225,24,10
plate_AL_1,plate_AL_6,I10,A5,0.18,0.1263,0.0993,0.0167,0.033,0.0204,50,0.078,2,10,0.15,0.5,9,0.45,0.06,2,50,0.225,24,10
plate_AL_1,plate_AL_7,I10,A5,0.18,0.1263,0.1825,0.0219,0.033,0.0204,50,0.078,2,10,0.15,0.5,9,0.45,0.06,2,50,0.225,24,10
plate_AL_1,plate_AL_8,I10,A5,0.18,0.1263,0.1872,0.022,0.033,0.0204,50,0.078,2,10,0.15,0.5,9,0.45,0.06,2,50,0.225,24,10
plate_AL_1,plate_AL_9,I10,A5,0.18,0.1263,0.134,0.037,0.033,0.0204,50,0.078,2,10,0.15,0.5,9,0.45,0.06,2,50,0.225,24,10
plate_AL_1,plate_AL_10,I10,A5,0.18,0.1263,0.1103,0.0033,0.033,0.0204,50,0.078,2,10,0.15,0.5,9,0.45,0.06,2,50,0.225,24,10
plate_AL_2,plate_AL_4,A4,A4,0.3244,0.0091,0.4244,0.052,0.099,0.0204,50,0.078,2,10,0.15,0.5,3,0.45,0.1,1.2,50,0.225,8,10
plate_AL_2,plate_AL_5,A4,A4,0.3244,0.0091,0.3886,0.0212,0.099,0.0204,50,0.078,2,10,0.15,0.5,3,0.45,0.1,1.2,50,0.225,8,10
plate_AL_2,plate_AL_6,A4,A4,0.3244,0.0091,0.3229,0.0071,0.099,0.0204,50,0.078,2,10,0.15,0.5,3,0.45,0.1,1.2,50,0.225,8,10
plate_AL_2,plate_AL_7,A4,A4,0.3244,0.0091,0.3605,0.0471,0.099,0.0204,50,0.078,2,10,0.15,0.5,3,0.45,0.1,1.2,50,0.225,8,10
plate_AL_2,plate_AL_8,A4,A4,0.3244,0.0091,0.3769,0.0088,0.099,0.0204,50,0.078,2,10,0.15,0.5,3,0.45,0.1,1.2,50,0.225,8,10
plate_AL_2,plate_AL_9,A4,A4,0.3244,0.0091,0.2617,0.0277,0.099,0.0204,50,0.078,2,10,0.15,0.5,3,0.45,0.1,1.2,50,0.225,8,10
plate_AL_2,plate_AL_10,A4,A4,0.3244,0.0091,0.2831,0.0212,0.099,0.0204,50,0.078,2,10,0.15,0.5,3,0.45,0.1,1.2,50,0.225,8,10
plate_AL_4,plate_AL_5,A4,A4,0.4244,0.052,0.3886,0.0212,0.099,0.0204,50,0.078,2,10,0.15,0.5,3,0.45,0.1,1.2,50,0.225,8,10
plate_AL_4,plate_AL_6,A4,A4,0.4244,0.052,0.3229,0.0071,0.099,0.0204,50,0.078,2,10,0.15,0.5,3,0.45,0.1,1.2,50,0.225,8,10
plate_AL_4,plate_AL_7,A4,A4,0.4244,0.052,0.3605,0.0471,0.099,0.0204,50,0.078,2,10,0.15,0.5,3,0.45,0.1,1.2,50,0.225,8,10
plate_AL_4,plate_AL_8,A4,A4,0.4244,0.052,0.3769,0.0088,0.099,0.0204,50,0.078,2,10,0.15,0.5,3,0.45,0.1,1.2,50,0.225,8,10
plate_AL_4,plate_AL_9,A4,A4,0.4244,0.052,0.2617,0.0277,0.099,0.0204,50,0.078,2,10,0.15,0.5,3,0.45,0.1,1.2,50,0.225,8,10
plate_AL_4,plate_AL_10,A4,A4,0.4244,0.052,0.2831,0.0212,0.099,0.0204,50,0.078,2,10,0.15,0.5,3,0.45,0.1,1.2,50,0.225,8,10
plate_AL_5,plate_AL_6,A4,A4,0.3886,0.0212,0.3229,0.0071,0.099,0.0204,50,0.078,2,10,0.15,0.5,3,0.45,0.1,1.2,50,0.225,8,10
plate_AL_5,plate_AL_7,A4,A4,0.3886,0.0212,0.3605,0.0471,0.099,0.0204,50,0.078,2,10,0.15,0.5,3,0.45,0.1,1.2,50,0.225,8,10
plate_AL_5,plate_AL_8,A4,A4,0.3886,0.0212,0.3769,0.0088,0.099,0.0204,50,0.078,2,10,0.15,0.5,3,0.45,0.1,1.2,50,0.225,8,10
plate_AL_5,plate_AL_9,A4,A4,0.3886,0.0212,0.2617,0.0277,0.099,0.0204,50,0.078,2,10,0.15,0.5,3,0.45,0.1,1.2,50,0.225,8,10
plate_AL_5,plate_AL_10,A4,A4,0.3886,0.0212,0.2831,0.0212,0.099,0.0204,50,0.078,2,10,0.15,0.5,3,0.45,0.1,1.2,50,0.225,8,10
plate_AL_6,plate_AL_7,A4,A4,0.3229,0.0071,0.3605,0.0471,0.099,0.0204,50,0.078,2,10,0.15,0.5,3,0.45,0.1,1.2,50,0.225,8,10
plate_AL_6,plate_AL_8,A4,A4,0.3229,0.0071,0.3769,0.0088,0.099,0.0204,50,0.078,2,10,0.15,0.5,3,0.45,0.1,1.2,50,0.225,8,10
plate_AL_6,plate_AL_9,A4,A4,0.3229,0.0071,0.2617,0.0277,0.099,0.0204,50,0.078,2,10,0.15,0.5,3,0.45,0.1,1.2,50,0.225,8,10
plate_AL_6,plate_AL_10,A4,A4,0.3229,0.0071,0.2831,0.0212,0.099,0.0204,50,0.078,2,10,0.15,0.5,3,0.45,0.1,1.2,50,0.225,8,10
plate_AL_7,plate_AL_8,A4,A4,0.3605,0.0471,0.3769,0.0088,0.099,0.0204,50,0.078,2,10,0.15,0.5,3,0.45,0.1,1.2,50,0.225,8,10
plate_AL_7,plate_AL_9,A4,A4,0.3605,0.0471,0.2617,0.0277,0.099,0.0204,50,0.078,2,10,0.15,0.5,3,0.45,0.1,1.2,50,0.225,8,10
plate_AL_7,plate_AL_10,A4,A4,0.3605,0.0471,0.2831,0.0212,0.099,0.0204,50,0.078,2,10,0.15,0.5,3,0.45,0.1,1.2,50,0.225,8,10
plate_AL_8,plate_AL_9,A4,A4,0.3769,0.0088,0.2617,0.0277,0.099,0.0204,50,0.078,2,10,0.15,0.5,3,0.45,0.1,1.2,50,0.225,8,10
plate_AL_8,plate_AL_10,A4,A4,0.3769,0.0088,0.2831,0.0212,0.099,0.0204,50,0.078,2,10,0.15,0.5,3,0.45,0.1,1.2,50,0.225,8,10
plate_AL_9,plate_AL_10,A4,A4,0.2617,0.0277,0.2831,0.0212,0.099,0.0204,50,0.078,2,10,0.15,0.5,3,0.45,0.1,1.2,50,0.225,8,10
plate_AL_1,plate_AL_2,G18,A4,0.5511,0.0214,0.3244,0.0091,0.099,0.0204,50,0.078,2,10,0.15,0.5,3,0.45,0.1,1.2,50,0.225,8,10
plate_AL_1,plate_AL_4,G18,A4,0.5511,0.0214,0.4244,0.052,0.099,0.0204,50,0.078,2,10,0.15,0.5,3,0.45,0.1,1.2,50,0.225,8,10
plate_AL_1,plate_AL_5,G18,A4,0.5511,0.0214,0.3886,0.0212,0.099,0.0204,50,0.078,2,10,0.15,0.5,3,0.45,0.1,1.2,50,0.225,8,10
plate_AL_1,plate_AL_6,G18,A4,0.5511,0.0214,0.3229,0.0071,0.099,0.0204,50,0.078,2,10,0.15,0.5,3,0.45,0.1,1.2,50,0.225,8,10
plate_AL_1,plate_AL_7,G18,A4,0.5511,0.0214,0.3605,0.0471,0.099,0.0204,50,0.078,2,10,0.15,0.5,3,0.45,0.1,1.2,50,0.225,8,10
plate_AL_1,plate_AL_8,G18,A4,0.5511,0.0214,0.3769,0.0088,0.099,0.0204,50,0.078,2,10,0.15,0.5,3,0.45,0.1,1.2,50,0.225,8,10
plate_AL_1,plate_AL_9,G18,A4,0.5511,0.0214,0.2617,0.0277,0.099,0.0204,50,0.078,2,10,0.15,0.5,3,0.45,0.1,1.2,50,0.225,8,10
plate_AL_1,plate_AL_10,G18,A4,0.5511,0.0214,0.2831,0.0212,0.099,0.0204,50,0.078,2,10,0.15,0.5,3,0.45,0.1,1.2,50,0.225,8,10
plate_AL_2,plate_AL_3,A3,A3,0.3245,0.0195,0.3089,0.007,0.165,0.0068,50,0.026,2,10,0.15,0.1,9,0.15,0.02,0.4,50,0.375,24,10
plate_AL_2,plate_AL_4,A3,A3,0.3245,0.0195,0.3462,0.0334,0.165,0.0068,50,0.026,2,10,0.15,0.1,9,0.15,0.02,0.4,50,0.375,24,10
plate_AL_2,plate_AL_5,A3,A3,0.3245,0.0195,0.2803,0.0523,0.165,0.0068,50,0.026,2,10,0.15,0.1,9,0.15,0.02,0.4,50,0.375,24,10
plate_AL_2,plate_AL_6,A3,A3,0.3245,0.0195,0.3208,0.0159,0.165,0.0068,50,0.026,2,10,0.15,0.1,9,0.15,0.02,0.4,50,0.375,24,10
plate_AL_2,plate_AL_7,A3,A3,0.3245,0.0195,0.3726,0.0226,0.165,0.0068,50,0.026,2,10,0.15,0.1,9,0.15,0.02,0.4,50,0.375,24,10
plate_AL_2,plate_AL_8,A3,A3,0.3245,0.0195,0.2938,0.0054,0.165,0.0068,50,0.026,2,10,0.15,0.1,9,0.15,0.02,0.4,50,0.375,24,10
plate_AL_2,plate_AL_9,A3,A3,0.3245,0.0195,0.2519,0.0431,0.165,0.0068,50,0.026,2,10,0.15,0.1,9,0.15,0.02,0.4,50,0.375,24,10
plate_AL_2,plate_AL_10,A3,A3,0.3245,0.0195,0.2494,0.0132,0.165,0.0068,50,0.026,2,10,0.15,0.1,9,0.15,0.02,0.4,50,0.375,24,10
plate_AL_3,plate_AL_4,A3,A3,0.3089,0.007,0.3462,0.0334,0.165,0.0068,50,0.026,2,10,0.15,0.1,9,0.15,0.02,0.4,50,0.375,24,10
plate_AL_3,plate_AL_5,A3,A3,0.3089,0.007,0.2803,0.0523,0.165,0.0068,50,0.026,2,10,0.15,0.1,9,0.15,0.02,0.4,50,0.375,24,10
plate_AL_3,plate_AL_6,A3,A3,0.3089,0.007,0.3208,0.0159,0.165,0.0068,50,0.026,2,10,0.15,0.1,9,0.15,0.02,0.4,50,0.375,24,10
plate_AL_3,plate_AL_7,A3,A3,0.3089,0.007,0.3726,0.0226,0.165,0.0068,50,0.026,2,10,0.15,0.1,9,0.15,0.02,0.4,50,0.375,24,10
plate_AL_3,plate_AL_8,A3,A3,0.3089,0.007,0.2938,0.0054,0.165,0.0068,50,0.026,2,10,0.15,0.1,9,0.15,0.02,0.4,50,0.375,24,10
plate_AL_3,plate_AL_9,A3,A3,0.3089,0.007,0.2519,0.0431,0.165,0.0068,50,0.026,2,10,0.15,0.1,9,0.15,0.02,0.4,50,0.375,24,10
plate_AL_3,plate_AL_10,A3,A3,0.3089,0.007,0.2494,0.0132,0.165,0.0068,50,0.026,2,10,0.15,0.1,9,0.15,0.02,0.4,50,0.375,24,10
plate_AL_4,plate_AL_5,A3,A3,0.3462,0.0334,0.2803,0.0523,0.165,0.0068,50,0.026,2,10,0.15,0.1,9,0.15,0.02,0.4,50,0.375,24,10
plate_AL_4,plate_AL_6,A3,A3,0.3462,0.0334,0.3208,0.0159,0.165,0.0068,50,0.026,2,10,0.15,0.1,9,0.15,0.02,0.4,50,0.375,24,10
plate_AL_4,plate_AL_7,A3,A3,0.3462,0.0334,0.3726,0.0226,0.165,0.0068,50,0.026,2,10,0.15,0.1,9,0.15,0.02,0.4,50,0.375,24,10
plate_AL_4,plate_AL_8,A3,A3,0.3462,0.0334,0.2938,0.0054,0.165,0.0068,50,0.026,2,10,0.15,0.1,9,0.15,0.02,0.4,50,0.375,24,10
plate_AL_4,plate_AL_9,A3,A3,0.3462,0.0334,0.2519,0.0431,0.165,0.0068,50,0.026,2,10,0.15,0.1,9,0.15,0.02,0.4,50,0.375,24,10
plate_AL_4,plate_AL_10,A3,A3,0.3462,0.0334,0.2494,0.0132,0.165,0.0068,50,0.026,2,10,0.15,0.1,9,0.15,0.02,0.4,50,0.375,24,10
plate_AL_5,plate_AL_6,A3,A3,0.2803,0.0523,0.3208,0.0159,0.165,0.0068,50,0.026,2,10,0.15,0.1,9,0.15,0.02,0.4,50,0.375,24,10
plate_AL_5,plate_AL_7,A3,A3,0.2803,0.0523,0.3726,0.0226,0.165,0.0068,50,0.026,2,10,0.15,0.1,9,0.15,0.02,0.4,50,0.375,24,10
plate_AL_5,plate_AL_8,A3,A3,0.2803,0.0523,0.2938,0.0054,0.165,0.0068,50,0.026,2,10,0.15,0.1,9,0.15,0.02,0.4,50,0.375,24,10
plate_AL_5,plate_AL_9,A3,A3,0.2803,0.0523,0.2519,0.0431,0.165,0.0068,50,0.026,2,10,0.15,0.1,9,0.15,0.02,0.4,50,0.375,24,10
plate_AL_5,plate_AL_10,A3,A3,0.2803,0.0523,0.2494,0.0132,0.165,0.0068,50,0.026,2,10,0.15,0.1,9,0.15,0.02,0.4,50,0.375,24,10
plate_AL_6,plate_AL_7,A3,A3,0.3208,0.0159,0.3726,0.0226,0.165,0.0068,50,0.026,2,10,0.15,0.1,9,0.15,0.02,0.4,50,0.375,24,10
plate_AL_6,plate_AL_8,A3,A3,0.3208,0.0159,0.2938,0.0054,0.165,0.0068,50,0.026,2,10,0.15,0.1,9,0.15,0.02,0.4,50,0.375,24,10
plate_AL_6,plate_AL_9,A3,A3,0.3208,0.0159,0.2519,0.0431,0.165,0.0068,50,0.026,2,10,0.15,0.1,9,0.15,0.02,0.4,50,0.375,24,10
plate_AL_6,plate_AL_10,A3,A3,0.3208,0.0159,0.2494,0.0132,0.165,0.0068,50,0.026,2,10,0.15,0.1,9,0.15,0.02,0.4,50,0.375,24,10
plate_AL_7,plate_AL_8,A3,A3,0.3726,0.0226,0.2938,0.0054,0.165,0.0068,50,0.026,2,10,0.15,0.1,9,0.15,0.02,0.4,50,0.375,24,10
plate_AL_7,plate_AL_9,A3,A3,0.3726,0.0226,0.2519,0.0431,0.165,0.0068,50,0.026,2,10,0.15,0.1,9,0.15,0.02,0.4,50,0.375,24,10
plate_AL_7,plate_AL_10,A3,A3,0.3726,0.0226,0.2494,0.0132,0.165,0.0068,50,0.026,2,10,0.15,0.1,9,0.15,0.02,0.4,50,0.375,24,10
plate_AL_8,plate_AL_9,A3,A3,0.2938,0.0054,0.2519,0.0431,0.165,0.0068,50,0.026,2,10,0.15,0.1,9,0.15,0.02,0.4,50,0.375,24,10
plate_AL_8,plate_AL_10,A3,A3,0.2938,0.0054,0.2494,0.0132,0.165,0.0068,50,0.026,2,10,0.15,0.1,9,0.15,0.02,0.4,50,0.375,24,10
plate_AL_9,plate_AL_10,A3,A3,0.2519,0.0431,0.2494,0.0132,0.165,0.0068,50,0.026,2,10,0.15,0.1,9,0.15,0.02,0.4,50,0.375,24,10
plate_AL_1,plate_AL_2,C4,A3,0.0263,0.0091,0.3245,0.0195,0.165,0.0068,50,0.026,2,10,0.15,0.1,9,0.15,0.02,0.4,50,0.375,24,10
plate_AL_1,plate_AL_3,C4,A3,0.0263,0.0091,0.3089,0.007,0.165,0.0068,50,0.026,2,10,0.15,0.1,9,0.15,0.02,0.4,50,0.375,24,10
plate_AL_1,plate_AL_4,C4,A3,0.0263,0.0091,0.3462,0.0334,0.165,0.0068,50,0.026,2,10,0.15,0.1,9,0.15,0.02,0.4,50,0.375,24,10
plate_AL_1,plate_AL_5,C4,A3,0.0263,0.0091,0.2803,0.0523,0.165,0.0068,50,0.026,2,10,0.15,0.1,9,0.15,0.02,0.4,50,0.375,24,10
plate_AL_1,plate_AL_6,C4,A3,0.0263,0.0091,0.3208,0.0159,0.165,0.0068,50,0.026,2,10,0.15,0.1,9,0.15,0.02,0.4,50,0.375,24,10
plate_AL_1,plate_AL_7,C4,A3,0.0263,0.0091,0.3726,0.0226,0.165,0.0068,50,0.026,2,10,0.15,0.1,9,0.15,0.02,0.4,50,0.375,24,10
plate_AL_1,plate_AL_8,C4,A3,0.0263,0.0091,0.2938,0.0054,0.165,0.0068,50,0.026,2,10,0.15,0.1,9,0.15,0.02,0.4,50,0.375,24,10
plate_AL_1,plate_AL_9,C4,A3,0.0263,0.0091,0.2519,0.0431,0.165,0.0068,50,0.026,2,10,0.15,0.1,9,0.15,0.02,0.4,50,0.375,24,10
plate_AL_1,plate_AL_10,C4,A3,0.0263,0.0091,0.2494,0.0132,0.165,0.0068,50,0.026,2,10,0.15,0.1,9,0.15,0.02,0.4,50,0.375,24,10
plate_AL_2,plate_AL_4,A2,A2,0.4382,0.0112,0.6333,0.037,0.033,0.0068,50,0.026,2,10,0.15,0.1,3,0.15,0.02,0.4,50,0.075,8,10
plate_AL_2,plate_AL_5,A2,A2,0.4382,0.0112,0.5857,0.007,0.033,0.0068,50,0.026,2,10,0.15,0.1,3,0.15,0.02,0.4,50,0.075,8,10
plate_AL_2,plate_AL_6,A2,A2,0.4382,0.0112,0.4081,0.0495,0.033,0.0068,50,0.026,2,10,0.15,0.1,3,0.15,0.02,0.4,50,0.075,8,10
plate_AL_2,plate_AL_7,A2,A2,0.4382,0.0112,0.5719,0.078,0.033,0.0068,50,0.026,2,10,0.15,0.1,3,0.15,0.02,0.4,50,0.075,8,10
plate_AL_2,plate_AL_8,A2,A2,0.4382,0.0112,0.5067,0.0027,0.033,0.0068,50,0.026,2,10,0.15,0.1,3,0.15,0.02,0.4,50,0.075,8,10
plate_AL_2,plate_AL_9,A2,A2,0.4382,0.0112,0.4158,0.0189,0.033,0.0068,50,0.026,2,10,0.15,0.1,3,0.15,0.02,0.4,50,0.075,8,10
plate_AL_2,plate_AL_10,A2,A2,0.4382,0.0112,0.4382,0.0258,0.033,0.0068,50,0.026,2,10,0.15,0.1,3,0.15,0.02,0.4,50,0.075,8,10
plate_AL_4,plate_AL_5,A2,A2,0.6333,0.037,0.5857,0.007,0.033,0.0068,50,0.026,2,10,0.15,0.1,3,0.15,0.02,0.4,50,0.075,8,10
plate_AL_4,plate_AL_6,A2,A2,0.6333,0.037,0.4081,0.0495,0.033,0.0068,50,0.026,2,10,0.15,0.1,3,0.15,0.02,0.4,50,0.075,8,10
plate_AL_4,plate_AL_7,A2,A2,0.6333,0.037,0.5719,0.078,0.033,0.0068,50,0.026,2,10,0.15,0.1,3,0.15,0.02,0.4,50,0.075,8,10
plate_AL_4,plate_AL_8,A2,A2,0.6333,0.037,0.5067,0.0027,0.033,0.0068,50,0.026,2,10,0.15,0.1,3,0.15,0.02,0.4,50,0.075,8,10
plate_AL_4,plate_AL_9,A2,A2,0.6333,0.037,0.4158,0.0189,0.033,0.0068,50,0.026,2,10,0.15,0.1,3,0.15,0.02,0.4,50,0.075,8,10
plate_AL_4,plate_AL_10,A2,A2,0.6333,0.037,0.4382,0.0258,0.033,0.0068,50,0.026,2,10,0.15,0.1,3,0.15,0.02,0.4,50,0.075,8,10
plate_AL_5,plate_AL_6,A2,A2,0.5857,0.007,0.4081,0.0495,0.033,0.0068,50,0.026,2,10,0.15,0.1,3,0.15,0.02,0.4,50,0.075,8,10
plate_AL_5,plate_AL_7,A2,A2,0.5857,0.007,0.5719,0.078,0.033,0.0068,50,0.026,2,10,0.15,0.1,3,0.15,0.02,0.4,50,0.075,8,10
plate_AL_5,plate_AL_8,A2,A2,0.5857,0.007,0.5067,0.0027,0.033,0.0068,50,0.026,2,10,0.15,0.1,3,0.15,0.02,0.4,50,0.075,8,10
plate_AL_5,plate_AL_9,A2,A2,0.5857,0.007,0.4158,0.0189,0.033,0.0068,50,0.026,2,10,0.15,0.1,3,0.15,0.02,0.4,50,0.075,8,10
plate_AL_5,plate_AL_10,A2,A2,0.5857,0.007,0.4382,0.0258,0.033,0.0068,50,0.026,2,10,0.15,0.1,3,0.15,0.02,0.4,50,0.075,8,10
plate_AL_6,plate_AL_7,A2,A2,0.4081,0.0495,0.5719,0.078,0.033,0.0068,50,0.026,2,10,0.15,0.1,3,0.15,0.02,0.4,50,0.075,8,10
plate_AL_6,plate_AL_8,A2,A2,0.4081,0.0495,0.5067,0.0027,0.033,0.0068,50,0.026,2,10,0.15,0.1,3,0.15,0.02,0.4,50,0.075,8,10
plate_AL_6,plate_AL_9,A2,A2,0.4081,0.0495,0.4158,0.0189,0.033,0.0068,50,0.026,2,10,0.15,0.1,3,0.15,0.02,0.4,50,0.075,8,10
plate_AL_6,plate_AL_10,A2,A2,0.4081,0.0495,0.4382,0.0258,0.033,0.0068,50,0.026,2,10,0.15,0.1,3,0.15,0.02,0.4,50,0.075,8,10
plate_AL_7,plate_AL_8,A2,A2,0.5719,0.078,0.5067,0.0027,0.033,0.0068,50,0.026,2,10,0.15,0.1,3,0.15,0.02,0.4,50,0.075,8,10
plate_AL_7,plate_AL_9,A2,A2,0.5719,0.078,0.4158,0.0189,0.033,0.0068,50,0.026,2,10,0.15,0.1,3,0.15,0.02,0.4,50,0.075,8,10
plate_AL_7,plate_AL_10,A2,A2,0.5719,0.078,0.4382,0.0258,0.033,0.0068,50,0.026,2,10,0.15,0.1,3,0.15,0.02,0.4,50,0.075,8,10
plate_AL_8,plate_AL_9,A2,A2,0.5067,0.0027,0.4158,0.0189,0.033,0.0068,50,0.026,2,10,0.15,0.1,3,0.15,0.02,0.4,50,0.075,8,10
plate_AL_8,plate_AL_10,A2,A2,0.5067,0.0027,0.4382,0.0258,0.033,0.0068,50,0.026,2,10,0.15,0.1,3,0.15,0.02,0.4,50,0.075,8,10
plate_AL_9,plate_AL_10,A2,A2,0.4158,0.0189,0.4382,0.0258,0.033,0.0068,50,0.026,2,10,0.15,0.1,3,0.15,0.02,0.4,50,0.075,8,10
plate_AL_1,plate_AL_2,B2,A2,0.6036,0.0716,0.4382,0.0112,0.033,0.0068,50,0.026,2,10,0.15,0.1,3,0.15,0.02,0.4,50,0.075,8,10
plate_AL_1,plate_AL_4,B2,A2,0.6036,0.0716,0.6333,0.037,0.033,0.0068,50,0.026,2,10,0.15,0.1,3,0.15,0.02,0.4,50,0.075,8,10
plate_AL_1,plate_AL_5,B2,A2,0.6036,0.0716,0.5857,0.007,0.033,0.0068,50,0.026,2,10,0.15,0.1,3,0.15,0.02,0.4,50,0.075,8,10
plate_AL_1,plate_AL_6,B2,A2,0.6036,0.0716,0.4081,0.0495,0.033,0.0068,50,0.026,2,10,0.15,0.1,3,0.15,0.02,0.4,50,0.075,8,10
plate_AL_1,plate_AL_7,B2,A2,0.6036,0.0716,0.5719,0.078,0.033,0.0068,50,0.026,2,10,0.15,0.1,3,0.15,0.02,0.4,50,0.075,8,10
plate_AL_1,plate_AL_8,B2,A2,0.6036,0.0716,0.5067,0.0027,0.033,0.0068,50,0.026,2,10,0.15,0.1,3,0.15,0.02,0.4,50,0.075,8,10
plate_AL_1,plate_AL_9,B2,A2,0.6036,0.0716,0.4158,0.0189,0.033,0.0068,50,0.026,2,10,0.15,0.1,3,0.15,0.02,0.4,50,0.075,8,10
plate_AL_1,plate_AL_10,B2,A2,0.6036,0.0716,0.4382,0.0258,0.033,0.0068,50,0.026,2,10,0.15,0.1,3,0.15,0.02,0.4,50,0.075,8,10
